no,time,platform,variation,input_product,output_script
1,2026-03-26 12:46:24,shopee,premium,celana panjang laki laki,"Eh, serius nih? Celana selokalitas ini harganya cuma segini? Gue kira buat sultan doang, ternyata buat kita juga bisa. Kualitasnya bukan kaleng-kaleng, bro. Jahitannya rapi, bahannya adem, dipake jalan jauh pun tetep nyaman.

Ini bukan celana abal-abal ya, ada labelnya jelas, asli. Beda banget sama yang biasa lu liat di pasaran. Yang ini tuh bikin pede banget dipake nongkrong, ngantor, atau bahkan buat nge-date.

Udah deh, jangan sampe kehabisan. Langsung aja klik keranjang kuning di bawah, sebelum stoknya pada ludes. Ini kesempatan emas buat upgrade gayalo. Buruan!"
2,2026-03-26 13:45:48,shopee,premium,seragam sekolah anak SMK dan SMA,"Eh, ini beneran deh, kualitas seragam SMK SMA yang kayak gini, biasanya cuma buat anak sekolah favorit doang, lho. Bahannya premium banget, adem, nggak gampang kusut, jahitan rapi poll. Tapi kok harganya bisa semurah ini ya di Shopee?

Nggak percaya? Cek aja sendiri labelnya, ini ori, bukan KW-KW-an. Yang biasa bikin PR ngerusak seragam, tenang aja, ini awet banget dipake bertahun-tahun. Udah gitu, sekarang lagi ada promo spesial, stok terbatas. Jangan sampe kehabisan, buruan klik keranjang kuning sekarang juga!"
3,2026-03-26 13:53:27,shopee,premium,seragam sekolah anak SMK dan SMA,"Eh, ini beneran deh, kualitas seragam SMK SMA yang kayak gini, biasanya cuma buat anak sekolah favorit doang, lho. Bahannya premium banget, adem, nggak gampang kusut, jahitan rapi poll. Tapi kok harganya bisa semurah ini ya di Shopee?

Nggak percaya? Cek aja sendiri labelnya, ini ori, bukan KW-KW-an. Yang biasa bikin PR ngerusak seragam, tenang aja, ini awet banget dipake bertahun-tahun. Udah gitu, sekarang lagi ada promo spesial, stok terbatas. Jangan sampe kehabisan, buruan klik keranjang kuning sekarang juga!"
